{"numPlayers": 4, "base": "4V", "zones": [[[41.27643520140532, 1.9882169177215303], [41.27616710344746, 1.9883134765628152], [41.27621598510234, 1.988508606615792], [41.27648408305791, 1.988412048572934]], [[41.27621598510234, 1.988508606615792], [41.27648408305791, 1.988412048572934], [41.27653296437936, 1.9886071797154936], [41.276264866426075, 1.9887037369599088]], [[41.27653296437936, 1.9886071797154936], [41.276264866426075, 1.9887037369599088], [41.27631374741867, 1.9888988675951897], [41.27658184536966, 1.9888023111491973]], [[41.27631374741867, 1.9888988675951897], [41.27658184536966, 1.9888023111491973], [41.276630731320466, 1.988997440544864], [41.27636263345273, 1.9890940000694002]]], "data": [71.63051403707003, 17.226361137047164], "obstacles": [[[41.276413027872806, 1.9882786085288728], [41.27643520140532, 1.9883456637542452], [41.27632735733552, 1.9883738269489015], [41.2763071995457, 1.9883188416640962]], [[41.27624370246706, 1.9883684625308717], [41.276295104868815, 1.9883979668300356], [41.276249749810546, 1.9884408821742738]]]}