{"numPlayers": 4, "base": "4M", "zones": [[[41.276443264506185, 1.9882289876620973], [41.27653094864834, 1.9886165673834288], [41.27640294693271, 1.9886708808951057], [41.27631526278859, 1.9882833019309483]], [[41.27640294693271, 1.9886708808951057], [41.27653094864834, 1.9886165673834288], [41.276618636703546, 1.9890041460674013], [41.27649063498987, 1.9890584604816295]], [[41.27618726114505, 1.988337616412014], [41.27631526278859, 1.9882833019309483], [41.27640294693271, 1.9886708808951057], [41.27627494529113, 1.9887251946190048]], [[41.27649063498987, 1.9890584604816295], [41.27640294693271, 1.9886708808951057], [41.27627494529113, 1.9887251946190048], [41.27636263345273, 1.9891127755325044]]], "data": [73.30645166305415, 33.90119307525373, 162.24963987648744, 14.926359853429226], "obstacles": [[[41.27642713830346, 1.9882826318423952], [41.27647148535136, 1.9884341766517366], [41.27639287010945, 1.9883537103812898]], [[41.27648962731682, 1.9885159840266908], [41.27649869829766, 1.9885575582664217], [41.27641705942474, 1.9885682871024812], [41.27640698054445, 1.9885119607131685]]]}