{"numPlayers": 4, "base": "4H", "zones": [[[41.27643721718063, 1.9882450809161867], [41.276606542084366, 1.9890014638583864], [41.27654657278767, 1.989023927256085], [41.27637724788216, 1.9882675442558322]], [[41.27654657278767, 1.989023927256085], [41.27637724788216, 1.9882675442558322], [41.27631727857868, 1.98829000755436], [41.27648660348596, 1.9890463906126652]], [[41.27631727857868, 1.98829000755436], [41.27648660348596, 1.9890463906126652], [41.27642663417924, 1.989068853928123], [41.276257309270186, 1.988312470811767]], [[41.27642663417924, 1.989068853928123], [41.276257309270186, 1.988312470811767], [41.27619734002682, 1.9883349343570151], [41.276366665007764, 1.9890913178603853]]], "data": [164.2206362246971, 6.920954597287843], "obstacles": [[[41.27643217774224, 1.9883027484100069], [41.276468461689966, 1.9884516110103334], [41.276445280281244, 1.9884609987418855], [41.27641101209675, 1.9883027484100069]], [[41.276500714071005, 1.9886648466270174], [41.276557155699486, 1.988835166899463], [41.27652691911887, 1.9888458957355226]]]}