{"numPlayers": 2, "base": "2V", "zones": [[[41.276427690637945, 1.9882263054530824], [41.27618579770105, 1.988322864355259], [41.27627600156701, 1.9887117837620252], [41.276517894500095, 1.9886152262956698]], [[41.27627600156701, 1.9887117837620252], [41.276517894500095, 1.9886152262956698], [41.27660810230235, 1.9890041460674013], [41.27636620945403, 1.9891007055919374]]], "data": [72.91019101775137, 34.09002603465679], "obstacles": [[[41.27641861964724, 1.988273244110843], [41.27649521908469, 1.988576333729526], [41.276370241008856, 1.98847440978696]], [[41.27630271243281, 1.988297383991977], [41.276397453997355, 1.9886259545963014], [41.2762845704154, 1.988660823313495], [41.27622611276945, 1.9883523692767824]]]}