{
  "numPlayers": 4,
  "base": "4V",
  "zones": [
    [
      [
        41.276451327606054,
        1.9883679228705375
      ],
      [
        41.276256805364255,
        1.9884322955769536
      ],
      [
        41.276287041461444,
        1.9885838400063216
      ],
      [
        41.27648156370221,
        1.9885194677498126
      ]
    ],
    [
      [
        41.276287041461444,
        1.9885838400063216
      ],
      [
        41.27648156370221,
        1.9885194677498126
      ],
      [
        41.27651179959873,
        1.9886710127689562
      ],
      [
        41.27631727735899,
        1.9887353845755484
      ]
    ],
    [
      [
        41.27651179959873,
        1.9886710127689562
      ],
      [
        41.27631727735899,
        1.9887353845755484
      ],
      [
        41.276347513056905,
        1.9888869292846427
      ],
      [
        41.276542035295606,
        1.9888225579279724
      ]
    ],
    [
      [
        41.276347513056905,
        1.9888869292846427
      ],
      [
        41.276542035295606,
        1.9888225579279724
      ],
      [
        41.27657227398454,
        1.9889741021079033
      ],
      [
        41.27637775178283,
        1.9890384751242607
      ]
    ]
  ],
  "data": [
    75.18581618130582,
    13.133379771916
  ],
  "obstacles": [
    [
      [
        41.27637674389427,
        1.9884457069319694
      ],
      [
        41.27642109097641,
        1.988453753559014
      ],
      [
        41.2763837991139,
        1.9884993511122673
      ]
    ],
    [
      [
        41.276356586119704,
        1.988675575463077
      ],
      9.440723493220057
    ]
  ]
}