{"numPlayers": 2, "base": "2V", "zones": [[[41.276434193517645, 1.9882276465575899], [41.276211450551926, 1.988278608213735], [41.27630266217632, 1.9886789271055794], [41.2765254051385, 1.9886279668103488]], [[41.27630266217632, 1.9886789271055794], [41.2765254051385, 1.9886279668103488], [41.27661662093384, 1.9890282859485353], [41.276393877997755, 1.9890792479198183]]], "data": [73.19422085567864, 35.03624543766917], "obstacles": [[[41.27639891743911, 1.9882839729469026], [41.27643822506826, 1.988336276022693], [41.2763898464444, 1.9883684625308717]], [[41.276319294220336, 1.9884757508914674], 4.001472801784311]]}