{"numPlayers": 2, "base": "2H", "zones": [[[41.27642814619125, 1.9882799496333803], [41.27668616495274, 1.9888177325408662], [41.27655564312161, 1.9889605593173523], [41.27629762435425, 1.9884227758474227]], [[41.27655564312161, 1.9889605593173523], [41.27629762435425, 1.9884227758474227], [41.27616710304585, 1.9885656026304952], [41.27642512252784, 1.9891033878009523]]], "data": [140.45978302911627, 18.79676221085556], "obstacles": [[[41.27643520140532, 1.9883496870677675], [41.27649769041096, 1.9884837975185121], [41.27643217774224, 1.9884797742049898]], [[41.2765148244827, 1.9886474122684206], [41.27659041592199, 1.9886822809856142], [41.276557155699486, 1.9887520184200014]]]}