{"numPlayers": 2, "base": "2V", "zones": [[[41.27642184689231, 1.988261174170276], [41.27618600129684, 1.9883376166415572], [41.27627620534353, 1.988709101764373], [41.276512050935274, 1.9886326606302682]], [[41.27627620534353, 1.988709101764373], [41.276512050935274, 1.9886326606302682], [41.276602258572865, 1.9890041460674013], [41.27636641303557, 1.9890805890243257]]], "data": [72.15794435450205, 32.69664984258941], "obstacles": [[[41.276378507699235, 1.9883765091579164], 4.6222053815940445], [[41.27632408169508, 1.9885186662357057], 3.012692719542487]]}