{"numPlayers": 1, "base": "1", "zones": [[[41.276426012321274, 1.988251786438724], [41.27660743187533, 1.9889800061862672], [41.27637057846807, 1.9890953411739076], [41.276189158791, 1.9883671206900912]]], "data": null, "obstacles": [[[41.27640686245004, 1.9883885790984834], [41.276421980769896, 1.9884663631599153], [41.276368562690706, 1.9884757508914674], [41.27635646802519, 1.988387237993976]]]}