{"numPlayers": 3, "base": "3V", "zones": [[[41.27643721718063, 1.9882276465575899], [41.276196332162186, 1.9883161588927578], [41.27625478833246, 1.9885830379466758], [41.27649567334845, 1.9884945265926723]], [[41.27625478833246, 1.9885830379466758], [41.27649567334845, 1.9884945265926723], [41.27655412889701, 1.9887614071039663], [41.276313243883486, 1.9888499174767917]], [[41.27655412889701, 1.9887614071039663], [41.276313243883486, 1.9888499174767917], [41.276371704451215, 1.9891167988460268], [41.27661258939424, 1.9890282859485353]]], "data": [73.80949995677221, 23.283323377731392], "obstacles": [[[41.27639790955087, 1.9883228649776186], 4.2857917520678726], [[41.27629913642803, 1.988414060084125], 5.131228343896745]]}