{"numPlayers": 1, "base": "1", "zones": [[[41.27643116985451, 1.9882625152747835], [41.276606542084366, 1.9890108515899385], [41.27637875967138, 1.98909936448743], [41.276203387366515, 1.9883510276276533]]], "data": null, "obstacles": []}