{"numPlayers": 1, "base": "1", "zones": [[[41.27643217774224, 1.9882330109756197], [41.27661057362434, 1.9890229215305055], [41.27637069656256, 1.989135574309131], [41.276192300562755, 1.9883456630351002]]], "data": null, "obstacles": [[[41.276415043648804, 1.988287996260425], [41.276465438028424, 1.9885508527438844], [41.27630921532496, 1.9886179079692567], [41.27624571824829, 1.988363098112842]], [[41.27643923295588, 1.9888405313174928], 7.251917378586453]]}