{"numPlayers": 4, "base": "4M", "zones": [[[41.27642713830346, 1.9882356931846346], [41.27652137356094, 1.9886386956687219], [41.27639790738237, 1.9886775866082944], [41.27630367212287, 1.988274584883615]], [[41.27639790738237, 1.9886775866082944], [41.27652137356094, 1.9886386956687219], [41.27661561304896, 1.9890416969936098], [41.27649214687242, 1.9890805888044654]], [[41.27618020597904, 1.9883134767291686], [41.27630367212287, 1.988274584883615], [41.27639790738237, 1.9886775866082944], [41.276274441240574, 1.988716477694447]], [[41.27649214687242, 1.9890805888044654], [41.27639790738237, 1.9886775866082944], [41.276274441240574, 1.988716477694447], [41.27636868078519, 1.9891194810550417]]], "data": [72.77849226190958, 35.34939469970655, 166.63249211663876, 14.093905268926104], "obstacles": [[[41.276390854332774, 1.9883738269489015], 4.538133315671131], [[41.276443264506185, 1.9885548760574068], 3.175398312665355]]}