{"numPlayers": 1, "base": "1", "zones": [[[41.276434193517645, 1.9882356931846346], [41.27660956573937, 1.9890229215305055], [41.27637573600569, 1.989138256518146], [41.27620036366128, 1.9883510274519667]]], "data": null, "obstacles": [[[41.27641605153678, 1.9883067717235292], [41.27645535915561, 1.9884918441455568], [41.27638783066762, 1.9885092785041536], [41.27635557823081, 1.9883443226497377]], [[41.276530950663755, 1.9889062454383577], [41.276547076840835, 1.988958548514148], [41.276400933215534, 1.9890188982169832], [41.27637372022848, 1.98897330066373]], [[41.276477532673745, 1.988636683432361], 2.2583487732156935], [[41.27631828633087, 1.9885669459979738], 4.916667267548592]]}