{"numPlayers": 3, "base": "3H", "zones": [[[41.27643217774224, 1.9882383753936494], [41.276607549969384, 1.9890041460674013], [41.27652826282946, 1.9890354383544384], [41.27635289059988, 1.988269667596933]], [[41.27652826282946, 1.9890354383544384], [41.27635289059988, 1.988269667596933], [41.276273603447926, 1.9883009597244812], [41.27644897567992, 1.9890667305657455]], [[41.276273603447926, 1.9883009597244812], [41.27644897567992, 1.9890667305657455], [41.27636968867388, 1.9890980233829225], [41.27619431636291, 1.9883322521170994]]], "data": [163.4197604482535, 9.187580392794343], "obstacles": [[[41.27642613041565, 1.9882920195739473], [41.276444272393725, 1.9883416404407228], [41.27640798843255, 1.988338958231708]], [[41.27648156422168, 1.9885749926250185], [41.27655614781369, 1.9888941754977907], [41.27652389546004, 1.9888968577068056], [41.27646342225398, 1.988585721461078]]]}