{"numPlayers": 3, "base": "3V", "zones": [[[41.276434193517645, 1.988239716498157], [41.27617617439146, 1.988357732883325], [41.2762403421034, 1.98860315428208], [41.276498361226714, 1.988485138863379]], [[41.2762403421034, 1.98860315428208], [41.276498361226714, 1.988485138863379], [41.27656252841188, 1.9887305617092925], [41.27630450929148, 1.988848576161536]], [[41.27656252841188, 1.9887305617092925], [41.27630450929148, 1.988848576161536], [41.27636868078519, 1.9890940000694002], [41.27662669978175, 1.988975982872745]]], "data": [70.88464240127357, 21.762059264737513], "obstacles": [[[41.27640899632063, 1.9882920195739473], [41.27644830394372, 1.9883617570083345], [41.276390854332774, 1.9883684625308717]], [[41.27628301018969, 1.9883791913669313], [41.276358601897435, 1.988450269905826], [41.276282002299666, 1.988510619608661], [41.27622656832416, 1.9884556343238557]]]}