{"numPlayers": 1, "limits": [[41.27643318562995, 1.9882142355125154], [41.27651280870979, 1.988612543551227], [41.27627393917888, 1.9887278785388673], [41.27619028424197, 1.988338958231708]], "areas": [], "obstacles": [{"type": "polygon", "waypoints": [[41.2764100042087, 1.9884194245021547], [41.276434193517645, 1.9885025729816164], [41.27630216009727, 1.9885575582664217], [41.27628099440962, 1.9884583165328706]]}]}