{"numPlayers": 2, "limits": [[41.27643147790017, 1.988224964348575], [41.27662700782648, 1.9890309681575502], [41.276373020385776, 1.989147644249698], [41.276167410781355, 1.9883322527091707]], "areas": [[[41.276400233373124, 1.9883188416640962], [41.27646373029949, 1.9885937680881227], [41.276328673270974, 1.988651435581943], [41.27626416832294, 1.988375168053409]]], "obstacles": [{"type": "polygon", "waypoints": [[41.27635185472111, 1.9882920195739473], [41.276508077322525, 1.9890028049628938], [41.276464738186704, 1.9890202393214906], [41.276305491812614, 1.988309453932544]]}]}