{"numPlayers": 2, "limits": [[41.27642109097641, 1.988261174170276], [41.27651381659626, 1.9886742343585695], [41.27631022321457, 1.988772134987613], [41.27621548152341, 1.9883563925903047]], "areas": [[[41.27642109097641, 1.9882584919612611], [41.276516840255546, 1.9886715521495546], [41.27642814619125, 1.9887144674937929], [41.2763374362281, 1.9883067717235292]]], "obstacles": [{"type": "polygon", "waypoints": [[41.276418067312676, 1.988447587696811], [41.27643721718063, 1.9885119607131685], [41.27632534155681, 1.988576333729526], [41.27631022321457, 1.9884958674590791]]}]}